Run,years,weights,contiguous,Cost Error,Mean Capacity Mix Error,Mean Abs Capacity Mix Error,Abs Compound Error,LDES Capacity Error
[2010],2010,1,True,-0.020672473181204465,-0.2161872196664995,0.2161872196664995,0.11842984642385199,-0.39069064896879435
[2011],2011,1,True,-0.1642356697057452,-0.21500728904312175,0.222025042987809,0.1931303563467771,-0.7010252828688962
[2012],2012,1,True,-0.11715039512032621,-0.18041438567574872,0.20280637361473078,0.15997838436752848,-0.5766054947085134
[2013],2013,1,True,-0.12644252824649238,-0.286417714800367,0.286417714800367,0.20643012152342968,-0.6153878619198111
[2014],2014,1,True,-0.1219405577583188,-0.10100057912130864,0.2615637375239625,0.19175214764114065,-0.5835532094187333
[2015],2015,1,True,-0.17608872125441966,-0.1086488381750863,0.3314279832307362,0.2537583522425779,-0.6810859904793636
[2016],2016,1,True,-0.07039437454907171,0.18949013737232054,0.5198574957937946,0.29512593517143315,-0.5081705750257728
[2017],2017,1,True,-0.09958289020420863,-0.020271642389105442,0.33983469668028377,0.2197087934422462,-0.5687073997731495
[2018],2018,1,True,-0.17614034141337687,-0.19593856298540618,0.2812439891910077,0.22869216530219227,-0.8208755998436946
[2019],2019,1,True,-0.1469236253203673,-0.27840621555396494,0.27840621555396494,0.21266492043716612,-0.6681598601759291
"[2010,2011]_[9:1]",2010,9,True,-0.025769466616192394,-0.22149032673085053,0.22149032673085053,0.12362989667352146,-0.40240779322590126
"[2010,2011]_[9:1]",2011,1,True,-0.025769466616192394,-0.22149032673085053,0.22149032673085053,0.12362989667352146,-0.40240779322590126
"[2010,2012]_[9:1]",2010,9,False,-0.024291713510647073,-0.21923140961931042,0.21923140961931042,0.12176156156497875,-0.3950861567830046
"[2010,2012]_[9:1]",2012,1,False,-0.024291713510647073,-0.21923140961931042,0.21923140961931042,0.12176156156497875,-0.3950861567830046
"[2010,2013]_[9:1]",2010,9,False,-0.02164932151388621,-0.19975844225314246,0.19975844225314246,0.11070388188351434,-0.38480067359284653
"[2010,2013]_[9:1]",2013,1,False,-0.02164932151388621,-0.19975844225314246,0.19975844225314246,0.11070388188351434,-0.38480067359284653
"[2010,2014]_[9:1]",2010,9,False,-0.026014165135487932,-0.2144937861889155,0.2144937861889155,0.12025397566220171,-0.39862478861361195
"[2010,2014]_[9:1]",2014,1,False,-0.026014165135487932,-0.2144937861889155,0.2144937861889155,0.12025397566220171,-0.39862478861361195
"[2010,2015]_[9:1]",2010,9,False,-0.02596252071556826,-0.21964945287310683,0.21964945287310683,0.12280598679433755,-0.39641444480023
"[2010,2015]_[9:1]",2015,1,False,-0.02596252071556826,-0.21964945287310683,0.21964945287310683,0.12280598679433755,-0.39641444480023
"[2010,2016]_[9:1]",2010,9,False,-0.02521597654462404,-0.19797959536923057,0.19797959536923057,0.1115977859569273,-0.4004536796389444
"[2010,2016]_[9:1]",2016,1,False,-0.02521597654462404,-0.19797959536923057,0.19797959536923057,0.1115977859569273,-0.4004536796389444
"[2010,2017]_[9:1]",2010,9,False,-0.01963402732407582,-0.19328163137499957,0.19328163137499957,0.1064578293495377,-0.37836172778313115
"[2010,2017]_[9:1]",2017,1,False,-0.01963402732407582,-0.19328163137499957,0.19328163137499957,0.1064578293495377,-0.37836172778313115
"[2010,2018]_[9:1]",2010,9,False,-0.025785609083299965,-0.2176025807446844,0.2176025807446844,0.12169409491399218,-0.39622540651819604
"[2010,2018]_[9:1]",2018,1,False,-0.025785609083299965,-0.2176025807446844,0.2176025807446844,0.12169409491399218,-0.39622540651819604
"[2010,2019]_[9:1]",2010,9,False,-0.025622962234931324,-0.21967072873908308,0.21967072873908308,0.1226468454870072,-0.39674088329349444
"[2010,2019]_[9:1]",2019,1,False,-0.025622962234931324,-0.21967072873908308,0.21967072873908308,0.1226468454870072,-0.39674088329349444
"[2011,2010]_[9:1]",2011,9,True,-0.07308171149369647,-0.25208137289566024,0.25208137289566024,0.16258154219467835,-0.38790894737133974
"[2011,2010]_[9:1]",2010,1,True,-0.07308171149369647,-0.25208137289566024,0.25208137289566024,0.16258154219467835,-0.38790894737133974
"[2011,2012]_[9:1]",2011,9,True,-0.13420225467340718,-0.19622670065862488,0.22098634118625457,0.1775942979298309,-0.6271981735208143
"[2011,2012]_[9:1]",2012,1,True,-0.13420225467340718,-0.19622670065862488,0.22098634118625457,0.1775942979298309,-0.6271981735208143
"[2011,2013]_[9:1]",2011,9,False,-0.14492470982543193,-0.20420518033245558,0.21329584324285172,0.17911027653414183,-0.6577911719780624
"[2011,2013]_[9:1]",2013,1,False,-0.14492470982543193,-0.20420518033245558,0.21329584324285172,0.17911027653414183,-0.6577911719780624
"[2011,2014]_[9:1]",2011,9,False,-0.11950655605341576,-0.26497927930639664,0.26497927930639664,0.1922429176799062,-0.6365517093327171
"[2011,2014]_[9:1]",2014,1,False,-0.11950655605341576,-0.26497927930639664,0.26497927930639664,0.1922429176799062,-0.6365517093327171
"[2011,2015]_[9:1]",2011,9,False,-0.1647173008710372,-0.131451338528146,0.30550388723994576,0.23511059405549148,-0.700315923955397
"[2011,2015]_[9:1]",2015,1,False,-0.1647173008710372,-0.131451338528146,0.30550388723994576,0.23511059405549148,-0.700315923955397
"[2011,2016]_[9:1]",2011,9,False,-0.06608490367332787,-0.08757794463900988,0.22463774454992894,0.1453613241116284,-0.5039207268711141
"[2011,2016]_[9:1]",2016,1,False,-0.06608490367332787,-0.08757794463900988,0.22463774454992894,0.1453613241116284,-0.5039207268711141
"[2011,2017]_[9:1]",2011,9,False,-0.12844371723058745,-0.06470080121059786,0.320285947870438,0.22436483255051273,-0.6230525818501321
"[2011,2017]_[9:1]",2017,1,False,-0.12844371723058745,-0.06470080121059786,0.320285947870438,0.22436483255051273,-0.6230525818501321
"[2011,2018]_[9:1]",2011,9,False,-0.15162960240192225,-0.15280591645652356,0.28729190645807673,0.2194607544299995,-0.6982386184485075
"[2011,2018]_[9:1]",2018,1,False,-0.15162960240192225,-0.15280591645652356,0.28729190645807673,0.2194607544299995,-0.6982386184485075
"[2011,2019]_[9:1]",2011,9,False,-0.13444255141878092,-0.20612817262764713,0.21788343009179106,0.176162990755286,-0.6057677807980284
"[2011,2019]_[9:1]",2019,1,False,-0.13444255141878092,-0.20612817262764713,0.21788343009179106,0.176162990755286,-0.6057677807980284
"[2012,2010]_[9:1]",2012,9,False,-0.05878625873970733,-0.2360967364379718,0.2360967364379718,0.14744149758883957,-0.3038460928936173
"[2012,2010]_[9:1]",2010,1,False,-0.05878625873970733,-0.2360967364379718,0.2360967364379718,0.14744149758883957,-0.3038460928936173
"[2012,2011]_[9:1]",2012,9,True,-0.11691690382394815,-0.18065138697349922,0.2038436527464207,0.16038027828518442,-0.5759016009193536
"[2012,2011]_[9:1]",2011,1,True,-0.11691690382394815,-0.18065138697349922,0.2038436527464207,0.16038027828518442,-0.5759016009193536
"[2012,2013]_[9:1]",2012,9,True,-0.11434833696429691,-0.17825967036744259,0.20142363783704562,0.15788598740067128,-0.5676031921561732
"[2012,2013]_[9:1]",2013,1,True,-0.11434833696429691,-0.17825967036744259,0.20142363783704562,0.15788598740067128,-0.5676031921561732
"[2012,2014]_[9:1]",2012,9,False,-0.10788910447079159,-0.19651566561293787,0.19651566561293787,0.15220238504186473,-0.6739052453793117
"[2012,2014]_[9:1]",2014,1,False,-0.10788910447079159,-0.19651566561293787,0.19651566561293787,0.15220238504186473,-0.6739052453793117
"[2012,2015]_[9:1]",2012,9,False,-0.11797044986952454,-0.20804512704419492,0.20804512704419492,0.16300778845685973,-0.577790603215463
"[2012,2015]_[9:1]",2015,1,False,-0.11797044986952454,-0.20804512704419492,0.20804512704419492,0.16300778845685973,-0.577790603215463
"[2012,2016]_[9:1]",2012,9,False,-0.05504238467320466,-0.16706322906167573,0.16706322906167573,0.11105280686744019,-0.5533353747881526
"[2012,2016]_[9:1]",2016,1,False,-0.05504238467320466,-0.16706322906167573,0.16706322906167573,0.11105280686744019,-0.5533353747881526
"[2012,2017]_[9:1]",2012,9,False,-0.11197160311249954,-0.16239073093832626,0.21017701100553454,0.16107430705901704,-0.5846147377538669
"[2012,2017]_[9:1]",2017,1,False,-0.11197160311249954,-0.16239073093832626,0.21017701100553454,0.16107430705901704,-0.5846147377538669
"[2012,2018]_[9:1]",2012,9,False,-0.11898721576820281,-0.1815363915688195,0.20413222733373176,0.1615597215509673,-0.5907566076605981
"[2012,2018]_[9:1]",2018,1,False,-0.11898721576820281,-0.1815363915688195,0.20413222733373176,0.1615597215509673,-0.5907566076605981
"[2012,2019]_[9:1]",2012,9,False,-0.1171372407140856,-0.19035763488386898,0.2059883630782973,0.16156280189619143,-0.5887301208934261
"[2012,2019]_[9:1]",2019,1,False,-0.1171372407140856,-0.19035763488386898,0.2059883630782973,0.16156280189619143,-0.5887301208934261
"[2013,2010]_[9:1]",2013,9,False,-0.05101679905892309,-0.22741195794443975,0.22741195794443975,0.13921437850168142,-0.2433958700868175
"[2013,2010]_[9:1]",2010,1,False,-0.05101679905892309,-0.22741195794443975,0.22741195794443975,0.13921437850168142,-0.2433958700868175
"[2013,2011]_[9:1]",2013,9,False,-0.12739333090472293,-0.2745089894558633,0.2745089894558633,0.2009511601802931,-0.6248199823921177
"[2013,2011]_[9:1]",2011,1,False,-0.12739333090472293,-0.2745089894558633,0.2745089894558633,0.2009511601802931,-0.6248199823921177
"[2013,2012]_[9:1]",2013,9,True,-0.11153274404959646,-0.24301252555438838,0.24301252555438838,0.1772726348019924,-0.5264149709706962
"[2013,2012]_[9:1]",2012,1,True,-0.11153274404959646,-0.24301252555438838,0.24301252555438838,0.1772726348019924,-0.5264149709706962
"[2013,2014]_[9:1]",2013,9,True,-0.09796364518356815,-0.27695363369168874,0.27695363369168874,0.18745863943762844,-0.5076765365012379
"[2013,2014]_[9:1]",2014,1,True,-0.09796364518356815,-0.27695363369168874,0.27695363369168874,0.18745863943762844,-0.5076765365012379
"[2013,2015]_[9:1]",2013,9,False,-0.12830719935286616,-0.2852923893872249,0.2852923893872249,0.20679979437004553,-0.6257683770766407
"[2013,2015]_[9:1]",2015,1,False,-0.12830719935286616,-0.2852923893872249,0.2852923893872249,0.20679979437004553,-0.6257683770766407
"[2013,2016]_[9:1]",2013,9,False,-0.04376408621926475,-0.13460820364095716,0.13460820364095716,0.08918614493011096,-0.15813414730332687
"[2013,2016]_[9:1]",2016,1,False,-0.04376408621926475,-0.13460820364095716,0.13460820364095716,0.08918614493011096,-0.15813414730332687
"[2013,2017]_[9:1]",2013,9,False,-0.11415311898589531,-0.029498930946764066,0.34907148187163933,0.23161230042876732,-0.5919417208916852
"[2013,2017]_[9:1]",2017,1,False,-0.11415311898589531,-0.029498930946764066,0.34907148187163933,0.23161230042876732,-0.5919417208916852
"[2013,2018]_[9:1]",2013,9,False,-0.1292523091144292,-0.2013438956899567,0.2013438956899567,0.16529810240219295,-0.6123153934531095
"[2013,2018]_[9:1]",2018,1,False,-0.1292523091144292,-0.2013438956899567,0.2013438956899567,0.16529810240219295,-0.6123153934531095
"[2013,2019]_[9:1]",2013,9,False,-0.1124732892518937,-0.2262091124481636,0.2262091124481636,0.16934120085002866,-0.5363527011518479
"[2013,2019]_[9:1]",2019,1,False,-0.1124732892518937,-0.2262091124481636,0.2262091124481636,0.16934120085002866,-0.5363527011518479
"[2014,2010]_[9:1]",2014,9,False,-0.09151512781460602,-0.25387898400566,0.25387898400566,0.172697055910133,-0.4972038605471022
"[2014,2010]_[9:1]",2010,1,False,-0.09151512781460602,-0.25387898400566,0.25387898400566,0.172697055910133,-0.4972038605471022
"[2014,2011]_[9:1]",2014,9,False,-0.12208185438307895,-0.0999803558769442,0.2645737332565233,0.1933277938198011,-0.5875250139868964
"[2014,2011]_[9:1]",2011,1,False,-0.12208185438307895,-0.0999803558769442,0.2645737332565233,0.1933277938198011,-0.5875250139868964
"[2014,2012]_[9:1]",2014,9,False,-0.1213578934257471,-0.06861181321838139,0.29940328963970086,0.21038059153272398,-0.5914991853786669
"[2014,2012]_[9:1]",2012,1,False,-0.1213578934257471,-0.06861181321838139,0.29940328963970086,0.21038059153272398,-0.5914991853786669
"[2014,2013]_[9:1]",2014,9,True,-0.12142081047921949,-0.0985636703898557,0.2686755480879842,0.19504817928360185,-0.5931455658216803
"[2014,2013]_[9:1]",2013,1,True,-0.12142081047921949,-0.0985636703898557,0.2686755480879842,0.19504817928360185,-0.5931455658216803
"[2014,2015]_[9:1]",2014,9,True,-0.12235114437562045,-0.07031564819081859,0.29262433196872767,0.20748773817217406,-0.5841754572481632
"[2014,2015]_[9:1]",2015,1,True,-0.12235114437562045,-0.07031564819081859,0.29262433196872767,0.20748773817217406,-0.5841754572481632
"[2014,2016]_[9:1]",2014,9,False,-0.0828327142043247,-0.05776580718610004,0.25877317698380187,0.17080294559406328,-0.4384237824921766
"[2014,2016]_[9:1]",2016,1,False,-0.0828327142043247,-0.05776580718610004,0.25877317698380187,0.17080294559406328,-0.4384237824921766
"[2014,2017]_[9:1]",2014,9,False,-0.12087433285448068,-0.09798581711796474,0.2705993935499259,0.1957368632022033,-0.5959831162410629
"[2014,2017]_[9:1]",2017,1,False,-0.12087433285448068,-0.09798581711796474,0.2705993935499259,0.1957368632022033,-0.5959831162410629
"[2014,2018]_[9:1]",2014,9,False,-0.12253015929476307,-0.10166359024765761,0.25938338017146395,0.1909567697331135,-0.5805838595541646
"[2014,2018]_[9:1]",2018,1,False,-0.12253015929476307,-0.10166359024765761,0.25938338017146395,0.1909567697331135,-0.5805838595541646
"[2014,2019]_[9:1]",2014,9,False,-0.12222558938724604,-0.10082590712978624,0.2621481433673081,0.19218686637727705,-0.5844218278040376
"[2014,2019]_[9:1]",2019,1,False,-0.12222558938724604,-0.10082590712978624,0.2621481433673081,0.19218686637727705,-0.5844218278040376
"[2015,2010]_[9:1]",2015,9,False,-0.08295272775553308,-0.24820057530098602,0.24820057530098602,0.16557665152825957,-0.3943228200110718
"[2015,2010]_[9:1]",2010,1,False,-0.08295272775553308,-0.24820057530098602,0.24820057530098602,0.16557665152825957,-0.3943228200110718
"[2015,2011]_[9:1]",2015,9,False,-0.16935278892397798,-0.10328653451593713,0.32593825931193493,0.24764552411795646,-0.6890067507881881
"[2015,2011]_[9:1]",2011,1,False,-0.16935278892397798,-0.10328653451593713,0.32593825931193493,0.24764552411795646,-0.6890067507881881
"[2015,2012]_[9:1]",2015,9,False,-0.14344785293934592,-0.12269110812001707,0.2791340737800529,0.2112909633596994,-0.6116789223955568
"[2015,2012]_[9:1]",2012,1,False,-0.14344785293934592,-0.12269110812001707,0.2791340737800529,0.2112909633596994,-0.6116789223955568
"[2015,2013]_[9:1]",2015,9,False,-0.15320522799993697,-0.22078824781424738,0.22078824781424738,0.18699673790709218,-0.6385862353786607
"[2015,2013]_[9:1]",2013,1,False,-0.15320522799993697,-0.22078824781424738,0.22078824781424738,0.18699673790709218,-0.6385862353786607
"[2015,2014]_[9:1]",2015,9,True,-0.12821901798783553,-0.1254977018832879,0.2385522151490845,0.18338561656846003,-0.593707131577913
"[2015,2014]_[9:1]",2014,1,True,-0.12821901798783553,-0.1254977018832879,0.2385522151490845,0.18338561656846003,-0.593707131577913
"[2015,2016]_[9:1]",2015,9,True,-0.07413801052544022,-0.07585440499111461,0.21773794849642086,0.14593797951093054,-0.29851992378781655
"[2015,2016]_[9:1]",2016,1,True,-0.07413801052544022,-0.07585440499111461,0.21773794849642086,0.14593797951093054,-0.29851992378781655
"[2015,2017]_[9:1]",2015,9,False,-0.13615205936124708,-0.20587734330923205,0.20587734330923205,0.17101470133523955,-0.6138370769252348
"[2015,2017]_[9:1]",2017,1,False,-0.13615205936124708,-0.20587734330923205,0.20587734330923205,0.17101470133523955,-0.6138370769252348
"[2015,2018]_[9:1]",2015,9,False,-0.16448956238540902,-0.2350830040043017,0.2350830040043017,0.19978628319485536,-0.7133432279282976
"[2015,2018]_[9:1]",2018,1,False,-0.16448956238540902,-0.2350830040043017,0.2350830040043017,0.19978628319485536,-0.7133432279282976
"[2015,2019]_[9:1]",2015,9,False,-0.15130891030526894,-0.31918834602254675,0.31918834602254675,0.23524862816390785,-0.5993276148906019
"[2015,2019]_[9:1]",2019,1,False,-0.15130891030526894,-0.31918834602254675,0.31918834602254675,0.23524862816390785,-0.5993276148906019
"[2016,2010]_[9:1]",2016,9,False,-0.06137312517743643,0.052630945106883945,0.3575425353863405,0.20945783028188847,-0.4934456733033168
"[2016,2010]_[9:1]",2010,1,False,-0.06137312517743643,0.052630945106883945,0.3575425353863405,0.20945783028188847,-0.4934456733033168
"[2016,2011]_[9:1]",2016,9,False,-0.06875348160153416,0.04442688167657966,0.36735340509371334,0.21805344334762375,-0.5033658837972179
"[2016,2011]_[9:1]",2011,1,False,-0.06875348160153416,0.04442688167657966,0.36735340509371334,0.21805344334762375,-0.5033658837972179
"[2016,2012]_[9:1]",2016,9,False,-0.06713208538679838,-0.007715722258025589,0.30923875035710585,0.18818541787195212,-0.498276201565928
"[2016,2012]_[9:1]",2012,1,False,-0.06713208538679838,-0.007715722258025589,0.30923875035710585,0.18818541787195212,-0.498276201565928
"[2016,2013]_[9:1]",2016,9,False,-0.06570618817692386,0.10680001072640001,0.4258733162880907,0.2457897522325073,-0.49216601236494617
"[2016,2013]_[9:1]",2013,1,False,-0.06570618817692386,0.10680001072640001,0.4258733162880907,0.2457897522325073,-0.49216601236494617
"[2016,2014]_[9:1]",2016,9,False,-0.06998891505192473,-0.04283763661933959,0.27581510686464966,0.1729020109582872,-0.506464847868906
"[2016,2014]_[9:1]",2014,1,False,-0.06998891505192473,-0.04283763661933959,0.27581510686464966,0.1729020109582872,-0.506464847868906
"[2016,2015]_[9:1]",2016,9,True,-0.06873766851539365,-0.04693340758528893,0.26802399658908704,0.16838083255224034,-0.502035217622569
"[2016,2015]_[9:1]",2015,1,True,-0.06873766851539365,-0.04693340758528893,0.26802399658908704,0.16838083255224034,-0.502035217622569
"[2016,2017]_[9:1]",2016,9,True,-0.06406044123088805,0.15468088870156269,0.472858540814109,0.26845949102249855,-0.4870952935900086
"[2016,2017]_[9:1]",2017,1,True,-0.06406044123088805,0.15468088870156269,0.472858540814109,0.26845949102249855,-0.4870952935900086
"[2016,2018]_[9:1]",2016,9,False,-0.06994482378620481,0.15411112010713612,0.48134950867735443,0.27564716623177965,-0.5027160109857395
"[2016,2018]_[9:1]",2018,1,False,-0.06994482378620481,0.15411112010713612,0.48134950867735443,0.27564716623177965,-0.5027160109857395
"[2016,2019]_[9:1]",2016,9,False,-0.06936393881323244,0.15022876100701207,0.47775168086158815,0.2735578098374103,-0.502393913213173
"[2016,2019]_[9:1]",2019,1,False,-0.06936393881323244,0.15022876100701207,0.47775168086158815,0.2735578098374103,-0.502393913213173
"[2017,2010]_[9:1]",2017,9,False,-0.03467692561385838,-0.21500081197139106,0.21500081197139106,0.12483886879262472,-0.2137851489034277
"[2017,2010]_[9:1]",2010,1,False,-0.03467692561385838,-0.21500081197139106,0.21500081197139106,0.12483886879262472,-0.2137851489034277
"[2017,2011]_[9:1]",2017,9,False,-0.10405275637628986,-0.09138208557656292,0.273761001387766,0.18890687888202792,-0.5863394704603365
"[2017,2011]_[9:1]",2011,1,False,-0.10405275637628986,-0.09138208557656292,0.273761001387766,0.18890687888202792,-0.5863394704603365
"[2017,2012]_[9:1]",2017,9,False,-0.09352070019104886,-0.14465600017883057,0.19384200636744034,0.14368135327924458,-0.5220084927336448
"[2017,2012]_[9:1]",2012,1,False,-0.09352070019104886,-0.14465600017883057,0.19384200636744034,0.14368135327924458,-0.5220084927336448
"[2017,2013]_[9:1]",2017,9,False,-0.1010926049097598,-0.021532431674796015,0.34109486084579205,0.22109373287777592,-0.5734535488200019
"[2017,2013]_[9:1]",2013,1,False,-0.1010926049097598,-0.021532431674796015,0.34109486084579205,0.22109373287777592,-0.5734535488200019
"[2017,2014]_[9:1]",2017,9,False,-0.08587758477243568,-0.15361175228203966,0.17381240305894427,0.12984499391569,-0.48175943064634974
"[2017,2014]_[9:1]",2014,1,False,-0.08587758477243568,-0.15361175228203966,0.17381240305894427,0.12984499391569,-0.48175943064634974
"[2017,2015]_[9:1]",2017,9,False,-0.10489884284214912,-0.19645220823307577,0.19645220823307577,0.15067552553761243,-0.5900605220713276
"[2017,2015]_[9:1]",2015,1,False,-0.10489884284214912,-0.19645220823307577,0.19645220823307577,0.15067552553761243,-0.5900605220713276
"[2017,2016]_[9:1]",2017,9,True,-0.030894460083067066,0.12095809398873746,0.36982359240278245,0.20035902624292476,-0.17944635420514465
"[2017,2016]_[9:1]",2016,1,True,-0.030894460083067066,0.12095809398873746,0.36982359240278245,0.20035902624292476,-0.17944635420514465
"[2017,2018]_[9:1]",2017,9,True,-0.10650979000990013,-0.02563967766325776,0.3452057153894413,0.2258577526996707,-0.5910898761769385
"[2017,2018]_[9:1]",2018,1,True,-0.10650979000990013,-0.02563967766325776,0.3452057153894413,0.2258577526996707,-0.5910898761769385
"[2017,2019]_[9:1]",2017,9,False,-0.09548408577040102,-0.02248616412890923,0.34202707694100215,0.21875558135570158,-0.5443539570526611
"[2017,2019]_[9:1]",2019,1,False,-0.09548408577040102,-0.02248616412890923,0.34202707694100215,0.21875558135570158,-0.5443539570526611
"[2018,2010]_[9:1]",2018,9,False,-0.0898213659629129,-0.23436244025219063,0.23436244025219063,0.16209190310755178,-0.453316771980791
"[2018,2010]_[9:1]",2010,1,False,-0.0898213659629129,-0.23436244025219063,0.23436244025219063,0.16209190310755178,-0.453316771980791
"[2018,2011]_[9:1]",2018,9,False,-0.1599631099559351,-0.09328262149403568,0.34991433556509455,0.2549387227605148,-0.718716858757332
"[2018,2011]_[9:1]",2011,1,False,-0.1599631099559351,-0.09328262149403568,0.34991433556509455,0.2549387227605148,-0.718716858757332
"[2018,2012]_[9:1]",2018,9,False,-0.14087333016867698,-0.08003524131460757,0.3290565125850665,0.23496492137687175,-0.6082928235894629
"[2018,2012]_[9:1]",2012,1,False,-0.14087333016867698,-0.08003524131460757,0.3290565125850665,0.23496492137687175,-0.6082928235894629
"[2018,2013]_[9:1]",2018,9,False,-0.14963260273177992,-0.23982620579144615,0.23982620579144615,0.19472940426161303,-0.6485627830632603
"[2018,2013]_[9:1]",2013,1,False,-0.14963260273177992,-0.23982620579144615,0.23982620579144615,0.19472940426161303,-0.6485627830632603
"[2018,2014]_[9:1]",2018,9,False,-0.12661289568865242,0.2970221661634628,0.6638587502810596,0.395235822984856,-0.5508170171611408
"[2018,2014]_[9:1]",2014,1,False,-0.12661289568865242,0.2970221661634628,0.6638587502810596,0.395235822984856,-0.5508170171611408
"[2018,2015]_[9:1]",2018,9,False,-0.16024945264162915,-0.1346765943223803,0.30102963975875424,0.2306395462001917,-0.7145845900922678
"[2018,2015]_[9:1]",2015,1,False,-0.16024945264162915,-0.1346765943223803,0.30102963975875424,0.2306395462001917,-0.7145845900922678
"[2018,2016]_[9:1]",2018,9,False,-0.08168996182981736,-0.0031268309987845084,0.3148142411022678,0.19825210146604258,-0.36038769473672927
"[2018,2016]_[9:1]",2016,1,False,-0.08168996182981736,-0.0031268309987845084,0.3148142411022678,0.19825210146604258,-0.36038769473672927
"[2018,2017]_[9:1]",2018,9,True,-0.13723416771813546,0.13125047875229062,0.5299781818557069,0.3336061747869212,-0.6083316403205627
"[2018,2017]_[9:1]",2017,1,True,-0.13723416771813546,0.13125047875229062,0.5299781818557069,0.3336061747869212,-0.6083316403205627
"[2018,2019]_[9:1]",2018,9,True,-0.15691297044412722,-0.2894536380822152,0.2894536380822152,0.2231833042631712,-0.7273131589806701
"[2018,2019]_[9:1]",2019,1,True,-0.15691297044412722,-0.2894536380822152,0.2894536380822152,0.2231833042631712,-0.7273131589806701
"[2019,2010]_[9:1]",2019,9,False,-0.08032440767250215,-0.2530762606093427,0.2530762606093427,0.16670033414092242,-0.41667195537504476
"[2019,2010]_[9:1]",2010,1,False,-0.08032440767250215,-0.2530762606093427,0.2530762606093427,0.16670033414092242,-0.41667195537504476
"[2019,2011]_[9:1]",2019,9,False,-0.14461401068145774,-0.21317499418947183,0.2243197369702962,0.18446687382587695,-0.6524797143686798
"[2019,2011]_[9:1]",2011,1,False,-0.14461401068145774,-0.21317499418947183,0.2243197369702962,0.18446687382587695,-0.6524797143686798
"[2019,2012]_[9:1]",2019,9,False,-0.13886334708940085,-0.08210353221565501,0.32919077832080645,0.23402706270510365,-0.6113634423055627
"[2019,2012]_[9:1]",2012,1,False,-0.13886334708940085,-0.08210353221565501,0.32919077832080645,0.23402706270510365,-0.6113634423055627
"[2019,2013]_[9:1]",2019,9,False,-0.14287924581273703,-0.2763886302016718,0.2763886302016718,0.20963393800720442,-0.6537681089062063
"[2019,2013]_[9:1]",2013,1,False,-0.14287924581273703,-0.2763886302016718,0.2763886302016718,0.20963393800720442,-0.6537681089062063
"[2019,2014]_[9:1]",2019,9,False,-0.12411023409523014,-0.09901943051088366,0.266974031266279,0.19554213268075457,-0.5904816962498383
"[2019,2014]_[9:1]",2014,1,False,-0.12411023409523014,-0.09901943051088366,0.266974031266279,0.19554213268075457,-0.5904816962498383
"[2019,2015]_[9:1]",2019,9,False,-0.14623417257840976,-0.2382755009935846,0.2382755009935846,0.1922548367859972,-0.6664666922222444
"[2019,2015]_[9:1]",2015,1,False,-0.14623417257840976,-0.2382755009935846,0.2382755009935846,0.1922548367859972,-0.6664666922222444
"[2019,2016]_[9:1]",2019,9,False,-0.07214711452452416,0.03470450466719851,0.3475733397329126,0.20986022712871838,-0.3342696928800323
"[2019,2016]_[9:1]",2016,1,False,-0.07214711452452416,0.03470450466719851,0.3475733397329126,0.20986022712871838,-0.3342696928800323
"[2019,2017]_[9:1]",2019,9,False,-0.1325409077289229,-0.006830799589644546,0.388192422798037,0.26036666526347996,-0.6156206426056571
"[2019,2017]_[9:1]",2017,1,False,-0.1325409077289229,-0.006830799589644546,0.388192422798037,0.26036666526347996,-0.6156206426056571
"[2019,2018]_[9:1]",2019,9,True,-0.14685707423929728,-0.280360047367831,0.280360047367831,0.21360856080356413,-0.6676327676920752
"[2019,2018]_[9:1]",2018,1,True,-0.14685707423929728,-0.280360047367831,0.280360047367831,0.21360856080356413,-0.6676327676920752
"[2010,2011,2012]_[8:1:1]",2010,8,True,-0.026855598948350212,-0.22173658819681027,0.22173658819681027,0.12429609357258024,-0.40360547028956106
"[2010,2011,2012]_[8:1:1]",2011,1,True,-0.026855598948350212,-0.22173658819681027,0.22173658819681027,0.12429609357258024,-0.40360547028956106
"[2010,2011,2012]_[8:1:1]",2012,1,True,-0.026855598948350212,-0.22173658819681027,0.22173658819681027,0.12429609357258024,-0.40360547028956106
"[2010,2012,2013]_[8:1:1]",2010,8,False,-0.02549002062951511,-0.21919554930098215,0.21919554930098215,0.12234278496524863,-0.39526292924482376
"[2010,2012,2013]_[8:1:1]",2012,1,False,-0.02549002062951511,-0.21919554930098215,0.21919554930098215,0.12234278496524863,-0.39526292924482376
"[2010,2012,2013]_[8:1:1]",2013,1,False,-0.02549002062951511,-0.21919554930098215,0.21919554930098215,0.12234278496524863,-0.39526292924482376
"[2010,2013,2014]_[8:1:1]",2010,8,False,-0.022428314826928863,-0.19924557948343846,0.19924557948343846,0.11083694715518366,-0.3842674762138838
"[2010,2013,2014]_[8:1:1]",2013,1,False,-0.022428314826928863,-0.19924557948343846,0.19924557948343846,0.11083694715518366,-0.3842674762138838
"[2010,2013,2014]_[8:1:1]",2014,1,False,-0.022428314826928863,-0.19924557948343846,0.19924557948343846,0.11083694715518366,-0.3842674762138838
"[2010,2014,2015]_[8:1:1]",2010,8,False,-0.028220996812955423,-0.21967760053869798,0.21967760053869798,0.1239492986758267,-0.4001917539755504
"[2010,2014,2015]_[8:1:1]",2014,1,False,-0.028220996812955423,-0.21967760053869798,0.21967760053869798,0.1239492986758267,-0.4001917539755504
"[2010,2014,2015]_[8:1:1]",2015,1,False,-0.028220996812955423,-0.21967760053869798,0.21967760053869798,0.1239492986758267,-0.4001917539755504
"[2010,2015,2016]_[8:1:1]",2010,8,False,-0.026567770261250012,-0.21996607436475718,0.21996607436475718,0.1232669223130036,-0.39798905883597013
"[2010,2015,2016]_[8:1:1]",2015,1,False,-0.026567770261250012,-0.21996607436475718,0.21996607436475718,0.1232669223130036,-0.39798905883597013
"[2010,2015,2016]_[8:1:1]",2016,1,False,-0.026567770261250012,-0.21996607436475718,0.21996607436475718,0.1232669223130036,-0.39798905883597013
"[2010,2016,2017]_[8:1:1]",2010,8,False,-0.017262833761098495,0.08991555751860655,0.32076740745790316,0.16901512060950083,-0.34227280105730207
"[2010,2016,2017]_[8:1:1]",2016,1,False,-0.017262833761098495,0.08991555751860655,0.32076740745790316,0.16901512060950083,-0.34227280105730207
"[2010,2016,2017]_[8:1:1]",2017,1,False,-0.017262833761098495,0.08991555751860655,0.32076740745790316,0.16901512060950083,-0.34227280105730207
"[2010,2017,2018]_[8:1:1]",2010,8,False,-0.020682988580086437,-0.19331025304296695,0.19331025304296695,0.1069966208115267,-0.3770902456158153
"[2010,2017,2018]_[8:1:1]",2017,1,False,-0.020682988580086437,-0.19331025304296695,0.19331025304296695,0.1069966208115267,-0.3770902456158153
"[2010,2017,2018]_[8:1:1]",2018,1,False,-0.020682988580086437,-0.19331025304296695,0.19331025304296695,0.1069966208115267,-0.3770902456158153
"[2010,2018,2019]_[8:1:1]",2010,8,False,-0.027390065471600056,-0.2197042213922977,0.2197042213922977,0.12354714343194888,-0.3977319911035426
"[2010,2018,2019]_[8:1:1]",2018,1,False,-0.027390065471600056,-0.2197042213922977,0.2197042213922977,0.12354714343194888,-0.3977319911035426
"[2010,2018,2019]_[8:1:1]",2019,1,False,-0.027390065471600056,-0.2197042213922977,0.2197042213922977,0.12354714343194888,-0.3977319911035426
"[2011,2012,2013]_[8:1:1]",2011,8,True,-0.1162836048756255,-0.17788370613008547,0.20057409762659034,0.15842885125110792,-0.5027837701669027
"[2011,2012,2013]_[8:1:1]",2012,1,True,-0.1162836048756255,-0.17788370613008547,0.20057409762659034,0.15842885125110792,-0.5027837701669027
"[2011,2012,2013]_[8:1:1]",2013,1,True,-0.1162836048756255,-0.17788370613008547,0.20057409762659034,0.15842885125110792,-0.5027837701669027
"[2011,2013,2014]_[8:1:1]",2011,8,False,-0.119225089819333,-0.2649802598013638,0.2649802598013638,0.1921026748103484,-0.6365569339281487
"[2011,2013,2014]_[8:1:1]",2013,1,False,-0.119225089819333,-0.2649802598013638,0.2649802598013638,0.1921026748103484,-0.6365569339281487
"[2011,2013,2014]_[8:1:1]",2014,1,False,-0.119225089819333,-0.2649802598013638,0.2649802598013638,0.1921026748103484,-0.6365569339281487
"[2011,2014,2015]_[8:1:1]",2011,8,False,-0.12403663303346502,-0.12420218902467663,0.2397895646951396,0.1819130988643023,-0.5934560904318658
"[2011,2014,2015]_[8:1:1]",2014,1,False,-0.12403663303346502,-0.12420218902467663,0.2397895646951396,0.1819130988643023,-0.5934560904318658
"[2011,2014,2015]_[8:1:1]",2015,1,False,-0.12403663303346502,-0.12420218902467663,0.2397895646951396,0.1819130988643023,-0.5934560904318658
"[2011,2015,2016]_[8:1:1]",2011,8,False,-0.06599463621337409,-0.08724843269847803,0.22272642235579884,0.14436052928458648,-0.5040206220424708
"[2011,2015,2016]_[8:1:1]",2015,1,False,-0.06599463621337409,-0.08724843269847803,0.22272642235579884,0.14436052928458648,-0.5040206220424708
"[2011,2015,2016]_[8:1:1]",2016,1,False,-0.06599463621337409,-0.08724843269847803,0.22272642235579884,0.14436052928458648,-0.5040206220424708
"[2011,2016,2017]_[8:1:1]",2011,8,False,-0.03933301240285858,0.05877875074005929,0.3071471787041618,0.1732400955535102,-0.10791813277831985
"[2011,2016,2017]_[8:1:1]",2016,1,False,-0.03933301240285858,0.05877875074005929,0.3071471787041618,0.1732400955535102,-0.10791813277831985
"[2011,2016,2017]_[8:1:1]",2017,1,False,-0.03933301240285858,0.05877875074005929,0.3071471787041618,0.1732400955535102,-0.10791813277831985
"[2011,2017,2018]_[8:1:1]",2011,8,False,-0.1349658701537778,-0.06999899492417523,0.3264851799331473,0.23072552504346255,-0.6154023885557116
"[2011,2017,2018]_[8:1:1]",2017,1,False,-0.1349658701537778,-0.06999899492417523,0.3264851799331473,0.23072552504346255,-0.6154023885557116
"[2011,2017,2018]_[8:1:1]",2018,1,False,-0.1349658701537778,-0.06999899492417523,0.3264851799331473,0.23072552504346255,-0.6154023885557116
"[2011,2018,2019]_[8:1:1]",2011,8,False,-0.13456526471576236,-0.20639515184438878,0.2181821030666411,0.17637368389120173,-0.6071391025289818
"[2011,2018,2019]_[8:1:1]",2018,1,False,-0.13456526471576236,-0.20639515184438878,0.2181821030666411,0.17637368389120173,-0.6071391025289818
"[2011,2018,2019]_[8:1:1]",2019,1,False,-0.13456526471576236,-0.20639515184438878,0.2181821030666411,0.17637368389120173,-0.6071391025289818
"[2012,2010,2011]_[8:1:1]",2012,8,False,-0.06913407794555027,-0.2523706177648184,0.2523706177648184,0.16075234785518433,-0.38897930104735345
"[2012,2010,2011]_[8:1:1]",2010,1,False,-0.06913407794555027,-0.2523706177648184,0.2523706177648184,0.16075234785518433,-0.38897930104735345
"[2012,2010,2011]_[8:1:1]",2011,1,False,-0.06913407794555027,-0.2523706177648184,0.2523706177648184,0.16075234785518433,-0.38897930104735345
"[2012,2013,2014]_[8:1:1]",2012,8,True,-0.10809747106135614,-0.19626349210886448,0.19626349210886448,0.15218048158511033,-0.6738258719694437
"[2012,2013,2014]_[8:1:1]",2013,1,True,-0.10809747106135614,-0.19626349210886448,0.19626349210886448,0.15218048158511033,-0.6738258719694437
"[2012,2013,2014]_[8:1:1]",2014,1,True,-0.10809747106135614,-0.19626349210886448,0.19626349210886448,0.15218048158511033,-0.6738258719694437
"[2012,2014,2015]_[8:1:1]",2012,8,False,-0.11745280293668092,-0.20083991455100778,0.20083991455100778,0.15914635874384436,-0.5823154961772481
"[2012,2014,2015]_[8:1:1]",2014,1,False,-0.11745280293668092,-0.20083991455100778,0.20083991455100778,0.15914635874384436,-0.5823154961772481
"[2012,2014,2015]_[8:1:1]",2015,1,False,-0.11745280293668092,-0.20083991455100778,0.20083991455100778,0.15914635874384436,-0.5823154961772481
"[2012,2015,2016]_[8:1:1]",2012,8,False,-0.05549831495525148,-0.15907782186387806,0.15907782186387806,0.10728806840956477,-0.5529200117498105
"[2012,2015,2016]_[8:1:1]",2015,1,False,-0.05549831495525148,-0.15907782186387806,0.15907782186387806,0.10728806840956477,-0.5529200117498105
"[2012,2015,2016]_[8:1:1]",2016,1,False,-0.05549831495525148,-0.15907782186387806,0.15907782186387806,0.10728806840956477,-0.5529200117498105
"[2012,2016,2017]_[8:1:1]",2012,8,False,-0.034350634020504645,-0.0009217212055755906,0.24664835647669595,0.14049949524860028,-0.1324841787144987
"[2012,2016,2017]_[8:1:1]",2016,1,False,-0.034350634020504645,-0.0009217212055755906,0.24664835647669595,0.14049949524860028,-0.1324841787144987
"[2012,2016,2017]_[8:1:1]",2017,1,False,-0.034350634020504645,-0.0009217212055755906,0.24664835647669595,0.14049949524860028,-0.1324841787144987
"[2012,2017,2018]_[8:1:1]",2012,8,False,-0.11354655293736993,-0.16392845758426286,0.21412475856863503,0.16383565575300246,-0.56350727760563
"[2012,2017,2018]_[8:1:1]",2017,1,False,-0.11354655293736993,-0.16392845758426286,0.21412475856863503,0.16383565575300246,-0.56350727760563
"[2012,2017,2018]_[8:1:1]",2018,1,False,-0.11354655293736993,-0.16392845758426286,0.21412475856863503,0.16383565575300246,-0.56350727760563
"[2012,2018,2019]_[8:1:1]",2012,8,False,-0.11781478021846348,-0.18958709977629537,0.20668602940379172,0.1622504048111276,-0.5831855216746624
"[2012,2018,2019]_[8:1:1]",2018,1,False,-0.11781478021846348,-0.18958709977629537,0.20668602940379172,0.1622504048111276,-0.5831855216746624
"[2012,2018,2019]_[8:1:1]",2019,1,False,-0.11781478021846348,-0.18958709977629537,0.20668602940379172,0.1622504048111276,-0.5831855216746624
"[2013,2010,2011]_[8:1:1]",2013,8,False,-0.0708608147219506,-0.252236710093969,0.252236710093969,0.1615487624079598,-0.3885369310547536
"[2013,2010,2011]_[8:1:1]",2010,1,False,-0.0708608147219506,-0.252236710093969,0.252236710093969,0.1615487624079598,-0.3885369310547536
"[2013,2010,2011]_[8:1:1]",2011,1,False,-0.0708608147219506,-0.252236710093969,0.252236710093969,0.1615487624079598,-0.3885369310547536
"[2013,2011,2012]_[8:1:1]",2013,8,False,-0.11237219752610739,-0.2497348774428239,0.2497348774428239,0.18105353748446565,-0.5222161158844044
"[2013,2011,2012]_[8:1:1]",2011,1,False,-0.11237219752610739,-0.2497348774428239,0.2497348774428239,0.18105353748446565,-0.5222161158844044
"[2013,2011,2012]_[8:1:1]",2012,1,False,-0.11237219752610739,-0.2497348774428239,0.2497348774428239,0.18105353748446565,-0.5222161158844044
"[2013,2014,2015]_[8:1:1]",2013,8,True,-0.12173423961305962,-0.15877207713627656,0.20345293991460564,0.16259358976383265,-0.593847796581821
"[2013,2014,2015]_[8:1:1]",2014,1,True,-0.12173423961305962,-0.15877207713627656,0.20345293991460564,0.16259358976383265,-0.593847796581821
"[2013,2014,2015]_[8:1:1]",2015,1,True,-0.12173423961305962,-0.15877207713627656,0.20345293991460564,0.16259358976383265,-0.593847796581821
"[2013,2015,2016]_[8:1:1]",2013,8,False,-0.04391692499879696,-0.14220817939153224,0.14220817939153224,0.0930625521951646,-0.15929929374254648
"[2013,2015,2016]_[8:1:1]",2015,1,False,-0.04391692499879696,-0.14220817939153224,0.14220817939153224,0.0930625521951646,-0.15929929374254648
"[2013,2015,2016]_[8:1:1]",2016,1,False,-0.04391692499879696,-0.14220817939153224,0.14220817939153224,0.0930625521951646,-0.15929929374254648
"[2013,2016,2017]_[8:1:1]",2013,8,False,-0.03525904478601305,0.010785340924816058,0.2575075463764288,0.14638329558122093,-0.15594010622115884
"[2013,2016,2017]_[8:1:1]",2016,1,False,-0.03525904478601305,0.010785340924816058,0.2575075463764288,0.14638329558122093,-0.15594010622115884
"[2013,2016,2017]_[8:1:1]",2017,1,False,-0.03525904478601305,0.010785340924816058,0.2575075463764288,0.14638329558122093,-0.15594010622115884
"[2013,2017,2018]_[8:1:1]",2013,8,False,-0.12343173201866287,-0.2027831816029666,0.2027831816029666,0.16310745681081473,-0.6084111218939496
"[2013,2017,2018]_[8:1:1]",2017,1,False,-0.12343173201866287,-0.2027831816029666,0.2027831816029666,0.16310745681081473,-0.6084111218939496
"[2013,2017,2018]_[8:1:1]",2018,1,False,-0.12343173201866287,-0.2027831816029666,0.2027831816029666,0.16310745681081473,-0.6084111218939496
"[2013,2018,2019]_[8:1:1]",2013,8,False,-0.11320155348102023,-0.2256319103662466,0.2256319103662466,0.16941673192363343,-0.5310390460689318
"[2013,2018,2019]_[8:1:1]",2018,1,False,-0.11320155348102023,-0.2256319103662466,0.2256319103662466,0.16941673192363343,-0.5310390460689318
"[2013,2018,2019]_[8:1:1]",2019,1,False,-0.11320155348102023,-0.2256319103662466,0.2256319103662466,0.16941673192363343,-0.5310390460689318
"[2014,2010,2011]_[8:1:1]",2014,8,False,-0.07043115688316115,-0.25181785536975326,0.25181785536975326,0.1611245061264572,-0.3871395152890077
"[2014,2010,2011]_[8:1:1]",2010,1,False,-0.07043115688316115,-0.25181785536975326,0.25181785536975326,0.1611245061264572,-0.3871395152890077
"[2014,2010,2011]_[8:1:1]",2011,1,False,-0.07043115688316115,-0.25181785536975326,0.25181785536975326,0.1611245061264572,-0.3871395152890077
"[2014,2011,2012]_[8:1:1]",2014,8,False,-0.12184194687966365,-0.06538901164240289,0.30149402121704655,0.2116679840483551,-0.5887129033491352
"[2014,2011,2012]_[8:1:1]",2011,1,False,-0.12184194687966365,-0.06538901164240289,0.30149402121704655,0.2116679840483551,-0.5887129033491352
"[2014,2011,2012]_[8:1:1]",2012,1,False,-0.12184194687966365,-0.06538901164240289,0.30149402121704655,0.2116679840483551,-0.5887129033491352
"[2014,2012,2013]_[8:1:1]",2014,8,False,-0.10999032660474861,-0.18027145410695347,0.18027145410695347,0.14513089035585103,-0.5303303466466998
"[2014,2012,2013]_[8:1:1]",2012,1,False,-0.10999032660474861,-0.18027145410695347,0.18027145410695347,0.14513089035585103,-0.5303303466466998
"[2014,2012,2013]_[8:1:1]",2013,1,False,-0.10999032660474861,-0.18027145410695347,0.18027145410695347,0.14513089035585103,-0.5303303466466998
"[2014,2015,2016]_[8:1:1]",2014,8,True,-0.08321546649617206,-0.04680855383628254,0.26848905909480253,0.1758522627954873,-0.43833809018440495
"[2014,2015,2016]_[8:1:1]",2015,1,True,-0.08321546649617206,-0.04680855383628254,0.26848905909480253,0.1758522627954873,-0.43833809018440495
"[2014,2015,2016]_[8:1:1]",2016,1,True,-0.08321546649617206,-0.04680855383628254,0.26848905909480253,0.1758522627954873,-0.43833809018440495
"[2014,2016,2017]_[8:1:1]",2014,8,False,-0.03604103174473916,-0.014861172220749262,0.2309463862851893,0.1334937090149642,-0.12244073202436456
"[2014,2016,2017]_[8:1:1]",2016,1,False,-0.03604103174473916,-0.014861172220749262,0.2309463862851893,0.1334937090149642,-0.12244073202436456
"[2014,2016,2017]_[8:1:1]",2017,1,False,-0.03604103174473916,-0.014861172220749262,0.2309463862851893,0.1334937090149642,-0.12244073202436456
"[2014,2017,2018]_[8:1:1]",2014,8,False,-0.12119472714500412,-0.09758958653633189,0.2716592464470541,0.1964269867960291,-0.5973612499807173
"[2014,2017,2018]_[8:1:1]",2017,1,False,-0.12119472714500412,-0.09758958653633189,0.2716592464470541,0.1964269867960291,-0.5973612499807173
"[2014,2017,2018]_[8:1:1]",2018,1,False,-0.12119472714500412,-0.09758958653633189,0.2716592464470541,0.1964269867960291,-0.5973612499807173
"[2014,2018,2019]_[8:1:1]",2014,8,False,-0.12285798148942184,-0.10180128983619896,0.2589198254433613,0.19088890346639156,-0.5798394113853067
"[2014,2018,2019]_[8:1:1]",2018,1,False,-0.12285798148942184,-0.10180128983619896,0.2589198254433613,0.19088890346639156,-0.5798394113853067
"[2014,2018,2019]_[8:1:1]",2019,1,False,-0.12285798148942184,-0.10180128983619896,0.2589198254433613,0.19088890346639156,-0.5798394113853067
"[2015,2010,2011]_[8:1:1]",2015,8,False,-0.07748914491001946,-0.2524032499716343,0.2524032499716343,0.1649461974408269,-0.3889528487603089
"[2015,2010,2011]_[8:1:1]",2010,1,False,-0.07748914491001946,-0.2524032499716343,0.2524032499716343,0.1649461974408269,-0.3889528487603089
"[2015,2010,2011]_[8:1:1]",2011,1,False,-0.07748914491001946,-0.2524032499716343,0.2524032499716343,0.1649461974408269,-0.3889528487603089
"[2015,2011,2012]_[8:1:1]",2015,8,False,-0.14292031832385454,-0.12053639617175659,0.2813965928147543,0.21215845556930443,-0.6116973871944099
"[2015,2011,2012]_[8:1:1]",2011,1,False,-0.14292031832385454,-0.12053639617175659,0.2813965928147543,0.21215845556930443,-0.6116973871944099
"[2015,2011,2012]_[8:1:1]",2012,1,False,-0.14292031832385454,-0.12053639617175659,0.2813965928147543,0.21215845556930443,-0.6116973871944099
"[2015,2012,2013]_[8:1:1]",2015,8,False,-0.12018963579874287,-0.205210645951915,0.205210645951915,0.1627001408753289,-0.5039315206936306
"[2015,2012,2013]_[8:1:1]",2012,1,False,-0.12018963579874287,-0.205210645951915,0.205210645951915,0.1627001408753289,-0.5039315206936306
"[2015,2012,2013]_[8:1:1]",2013,1,False,-0.12018963579874287,-0.205210645951915,0.205210645951915,0.1627001408753289,-0.5039315206936306
"[2015,2013,2014]_[8:1:1]",2015,8,False,-0.12740790155300963,-0.13168239676586097,0.23202932828963424,0.17971861492132193,-0.5937171711464198
"[2015,2013,2014]_[8:1:1]",2013,1,False,-0.12740790155300963,-0.13168239676586097,0.23202932828963424,0.17971861492132193,-0.5937171711464198
"[2015,2013,2014]_[8:1:1]",2014,1,False,-0.12740790155300963,-0.13168239676586097,0.23202932828963424,0.17971861492132193,-0.5937171711464198
"[2015,2016,2017]_[8:1:1]",2015,8,True,-0.043008086598130824,-0.007948311079580226,0.22962087967224815,0.13631448313518948,-0.09556509383264977
"[2015,2016,2017]_[8:1:1]",2016,1,True,-0.043008086598130824,-0.007948311079580226,0.22962087967224815,0.13631448313518948,-0.09556509383264977
"[2015,2016,2017]_[8:1:1]",2017,1,True,-0.043008086598130824,-0.007948311079580226,0.22962087967224815,0.13631448313518948,-0.09556509383264977
"[2015,2017,2018]_[8:1:1]",2015,8,False,-0.1395988980860946,-0.08066434072360071,0.3030016524295974,0.221300275257846,-0.6078492694303423
"[2015,2017,2018]_[8:1:1]",2017,1,False,-0.1395988980860946,-0.08066434072360071,0.3030016524295974,0.221300275257846,-0.6078492694303423
"[2015,2017,2018]_[8:1:1]",2018,1,False,-0.1395988980860946,-0.08066434072360071,0.3030016524295974,0.221300275257846,-0.6078492694303423
"[2015,2018,2019]_[8:1:1]",2015,8,False,-0.15038774061005555,-0.2360052913778675,0.2360052913778675,0.19319651599396154,-0.6271407514932057
"[2015,2018,2019]_[8:1:1]",2018,1,False,-0.15038774061005555,-0.2360052913778675,0.2360052913778675,0.19319651599396154,-0.6271407514932057
"[2015,2018,2019]_[8:1:1]",2019,1,False,-0.15038774061005555,-0.2360052913778675,0.2360052913778675,0.19319651599396154,-0.6271407514932057
"[2016,2010,2011]_[8:1:1]",2016,8,False,-0.05820049784901227,-0.24749652510766293,0.24749652510766293,0.1528485114783376,-0.4827260963958092
"[2016,2010,2011]_[8:1:1]",2010,1,False,-0.05820049784901227,-0.24749652510766293,0.24749652510766293,0.1528485114783376,-0.4827260963958092
"[2016,2010,2011]_[8:1:1]",2011,1,False,-0.05820049784901227,-0.24749652510766293,0.24749652510766293,0.1528485114783376,-0.4827260963958092
"[2016,2011,2012]_[8:1:1]",2016,8,False,-0.06890164263784682,-0.004924747818075345,0.31604181774486506,0.19247173019135594,-0.5038306237424095
"[2016,2011,2012]_[8:1:1]",2011,1,False,-0.06890164263784682,-0.004924747818075345,0.31604181774486506,0.19247173019135594,-0.5038306237424095
"[2016,2011,2012]_[8:1:1]",2012,1,False,-0.06890164263784682,-0.004924747818075345,0.31604181774486506,0.19247173019135594,-0.5038306237424095
"[2016,2012,2013]_[8:1:1]",2016,8,False,-0.06748612337995696,-0.007383065857903001,0.30890609395698815,0.18819610866847256,-0.4970991352955245
"[2016,2012,2013]_[8:1:1]",2012,1,False,-0.06748612337995696,-0.007383065857903001,0.30890609395698815,0.18819610866847256,-0.4970991352955245
"[2016,2012,2013]_[8:1:1]",2013,1,False,-0.06748612337995696,-0.007383065857903001,0.30890609395698815,0.18819610866847256,-0.4970991352955245
"[2016,2013,2014]_[8:1:1]",2016,8,False,-0.06557146666496272,-0.03729472150365704,0.27373590635562967,0.1696536865102962,-0.49145369254848303
"[2016,2013,2014]_[8:1:1]",2013,1,False,-0.06557146666496272,-0.03729472150365704,0.27373590635562967,0.1696536865102962,-0.49145369254848303
"[2016,2013,2014]_[8:1:1]",2014,1,False,-0.06557146666496272,-0.03729472150365704,0.27373590635562967,0.1696536865102962,-0.49145369254848303
"[2016,2014,2015]_[8:1:1]",2016,8,False,-0.07097934400431227,-0.04736827726032379,0.2685633074245969,0.16977132571445458,-0.5056243109232712
"[2016,2014,2015]_[8:1:1]",2014,1,False,-0.07097934400431227,-0.04736827726032379,0.2685633074245969,0.16977132571445458,-0.5056243109232712
"[2016,2014,2015]_[8:1:1]",2015,1,False,-0.07097934400431227,-0.04736827726032379,0.2685633074245969,0.16977132571445458,-0.5056243109232712
"[2016,2017,2018]_[8:1:1]",2016,8,True,-0.06443621633986396,0.15809409572980812,0.47520685437577004,0.269821535357817,-0.48470170372431387
"[2016,2017,2018]_[8:1:1]",2017,1,True,-0.06443621633986396,0.15809409572980812,0.47520685437577004,0.269821535357817,-0.48470170372431387
"[2016,2017,2018]_[8:1:1]",2018,1,True,-0.06443621633986396,0.15809409572980812,0.47520685437577004,0.269821535357817,-0.48470170372431387
"[2016,2018,2019]_[8:1:1]",2016,8,False,-0.07082763058808794,0.15074779490507995,0.477822959654606,0.27432529512134696,-0.5024578882388194
"[2016,2018,2019]_[8:1:1]",2018,1,False,-0.07082763058808794,0.15074779490507995,0.477822959654606,0.27432529512134696,-0.5024578882388194
"[2016,2018,2019]_[8:1:1]",2019,1,False,-0.07082763058808794,0.15074779490507995,0.477822959654606,0.27432529512134696,-0.5024578882388194
"[2017,2010,2011]_[8:1:1]",2017,8,False,-0.06583664338843731,-0.2500986538904561,0.2500986538904561,0.1579676486394467,-0.40703033041763315
"[2017,2010,2011]_[8:1:1]",2010,1,False,-0.06583664338843731,-0.2500986538904561,0.2500986538904561,0.1579676486394467,-0.40703033041763315
"[2017,2010,2011]_[8:1:1]",2011,1,False,-0.06583664338843731,-0.2500986538904561,0.2500986538904561,0.1579676486394467,-0.40703033041763315
"[2017,2011,2012]_[8:1:1]",2017,8,False,-0.09464595560377354,-0.14576624370207086,0.19281650427050992,0.1437312299371417,-0.5194224003012133
"[2017,2011,2012]_[8:1:1]",2011,1,False,-0.09464595560377354,-0.14576624370207086,0.19281650427050992,0.1437312299371417,-0.5194224003012133
"[2017,2011,2012]_[8:1:1]",2012,1,False,-0.09464595560377354,-0.14576624370207086,0.19281650427050992,0.1437312299371417,-0.5194224003012133
"[2017,2012,2013]_[8:1:1]",2017,8,False,-0.10236898238303982,-0.15069979121220653,0.2058573491827678,0.1541131657829038,-0.5769305073462642
"[2017,2012,2013]_[8:1:1]",2012,1,False,-0.10236898238303982,-0.15069979121220653,0.2058573491827678,0.1541131657829038,-0.5769305073462642
"[2017,2012,2013]_[8:1:1]",2013,1,False,-0.10236898238303982,-0.15069979121220653,0.2058573491827678,0.1541131657829038,-0.5769305073462642
"[2017,2013,2014]_[8:1:1]",2017,8,False,-0.0861324529319013,-0.15338727086844028,0.17361118919653365,0.12987182106421746,-0.4845569350681749
"[2017,2013,2014]_[8:1:1]",2013,1,False,-0.0861324529319013,-0.15338727086844028,0.17361118919653365,0.12987182106421746,-0.4845569350681749
"[2017,2013,2014]_[8:1:1]",2014,1,False,-0.0861324529319013,-0.15338727086844028,0.17361118919653365,0.12987182106421746,-0.4845569350681749
"[2017,2014,2015]_[8:1:1]",2017,8,False,-0.10785224514124259,-0.19715588208724588,0.19715588208724588,0.15250406361424423,-0.5951083142191242
"[2017,2014,2015]_[8:1:1]",2014,1,False,-0.10785224514124259,-0.19715588208724588,0.19715588208724588,0.15250406361424423,-0.5951083142191242
"[2017,2014,2015]_[8:1:1]",2015,1,False,-0.10785224514124259,-0.19715588208724588,0.19715588208724588,0.15250406361424423,-0.5951083142191242
"[2017,2015,2016]_[8:1:1]",2017,8,False,-0.032138799601896584,-0.010620575562404588,0.23188540366112467,0.13201210163151061,-0.1646547197227194
"[2017,2015,2016]_[8:1:1]",2015,1,False,-0.032138799601896584,-0.010620575562404588,0.23188540366112467,0.13201210163151061,-0.1646547197227194
"[2017,2015,2016]_[8:1:1]",2016,1,False,-0.032138799601896584,-0.010620575562404588,0.23188540366112467,0.13201210163151061,-0.1646547197227194
"[2017,2018,2019]_[8:1:1]",2017,8,True,-0.09662292353953361,-0.022682242982339545,0.3422241405978297,0.21942353206868165,-0.5414708724756672
"[2017,2018,2019]_[8:1:1]",2018,1,True,-0.09662292353953361,-0.022682242982339545,0.3422241405978297,0.21942353206868165,-0.5414708724756672
"[2017,2018,2019]_[8:1:1]",2019,1,True,-0.09662292353953361,-0.022682242982339545,0.3422241405978297,0.21942353206868165,-0.5414708724756672
"[2018,2010,2011]_[8:1:1]",2018,8,False,-0.07413998573260161,-0.25279744603451987,0.25279744603451987,0.16346871588356074,-0.3904027094243391
"[2018,2010,2011]_[8:1:1]",2010,1,False,-0.07413998573260161,-0.25279744603451987,0.25279744603451987,0.16346871588356074,-0.3904027094243391
"[2018,2010,2011]_[8:1:1]",2011,1,False,-0.07413998573260161,-0.25279744603451987,0.25279744603451987,0.16346871588356074,-0.3904027094243391
"[2018,2011,2012]_[8:1:1]",2018,8,False,-0.1410357995305238,-0.08015271336954323,0.32930922817369096,0.23517251385210738,-0.606844402344673
"[2018,2011,2012]_[8:1:1]",2011,1,False,-0.1410357995305238,-0.08015271336954323,0.32930922817369096,0.23517251385210738,-0.606844402344673
"[2018,2011,2012]_[8:1:1]",2012,1,False,-0.1410357995305238,-0.08015271336954323,0.32930922817369096,0.23517251385210738,-0.606844402344673
"[2018,2012,2013]_[8:1:1]",2018,8,False,-0.11716363272563257,-0.17823553430086952,0.20124891635692685,0.15920627454127972,-0.5044224094832934
"[2018,2012,2013]_[8:1:1]",2012,1,False,-0.11716363272563257,-0.17823553430086952,0.20124891635692685,0.15920627454127972,-0.5044224094832934
"[2018,2012,2013]_[8:1:1]",2013,1,False,-0.11716363272563257,-0.17823553430086952,0.20124891635692685,0.15920627454127972,-0.5044224094832934
"[2018,2013,2014]_[8:1:1]",2018,8,False,-0.12623046278816352,0.27566911569675673,0.6416231416915161,0.3839268022398398,-0.5512223897494671
"[2018,2013,2014]_[8:1:1]",2013,1,False,-0.12623046278816352,0.27566911569675673,0.6416231416915161,0.3839268022398398,-0.5512223897494671
"[2018,2013,2014]_[8:1:1]",2014,1,False,-0.12623046278816352,0.27566911569675673,0.6416231416915161,0.3839268022398398,-0.5512223897494671
"[2018,2014,2015]_[8:1:1]",2018,8,False,-0.12483135652700939,-0.07306196890334203,0.29519927620166303,0.2100153163643362,-0.5962004399089456
"[2018,2014,2015]_[8:1:1]",2014,1,False,-0.12483135652700939,-0.07306196890334203,0.29519927620166303,0.2100153163643362,-0.5962004399089456
"[2018,2014,2015]_[8:1:1]",2015,1,False,-0.12483135652700939,-0.07306196890334203,0.29519927620166303,0.2100153163643362,-0.5962004399089456
"[2018,2015,2016]_[8:1:1]",2018,8,False,-0.08146242940972459,-0.045979749071748635,0.26753138549030053,0.17449690745001256,-0.3623272008476237
"[2018,2015,2016]_[8:1:1]",2015,1,False,-0.08146242940972459,-0.045979749071748635,0.26753138549030053,0.17449690745001256,-0.3623272008476237
"[2018,2015,2016]_[8:1:1]",2016,1,False,-0.08146242940972459,-0.045979749071748635,0.26753138549030053,0.17449690745001256,-0.3623272008476237
"[2018,2016,2017]_[8:1:1]",2018,8,False,-0.04073122874991786,0.24633046272319087,0.4984692077418477,0.26960021824588276,-0.08825526757100266
"[2018,2016,2017]_[8:1:1]",2016,1,False,-0.04073122874991786,0.24633046272319087,0.4984692077418477,0.26960021824588276,-0.08825526757100266
"[2018,2016,2017]_[8:1:1]",2017,1,False,-0.04073122874991786,0.24633046272319087,0.4984692077418477,0.26960021824588276,-0.08825526757100266
"[2019,2010,2011]_[8:1:1]",2019,8,False,-0.073211179867541,-0.2529429905148217,0.2529429905148217,0.16307708519118136,-0.3908717206961677
"[2019,2010,2011]_[8:1:1]",2010,1,False,-0.073211179867541,-0.2529429905148217,0.2529429905148217,0.16307708519118136,-0.3908717206961677
"[2019,2010,2011]_[8:1:1]",2011,1,False,-0.073211179867541,-0.2529429905148217,0.2529429905148217,0.16307708519118136,-0.3908717206961677
"[2019,2011,2012]_[8:1:1]",2019,8,False,-0.13913775327588007,-0.08173843470923568,0.3291759356178891,0.2341568444468846,-0.611661360731052
"[2019,2011,2012]_[8:1:1]",2011,1,False,-0.13913775327588007,-0.08173843470923568,0.3291759356178891,0.2341568444468846,-0.611661360731052
"[2019,2011,2012]_[8:1:1]",2012,1,False,-0.13913775327588007,-0.08173843470923568,0.3291759356178891,0.2341568444468846,-0.611661360731052
"[2019,2012,2013]_[8:1:1]",2019,8,False,-0.11624867614586543,-0.1784381633522009,0.20162934859421403,0.1589390123700397,-0.5054341722984488
"[2019,2012,2013]_[8:1:1]",2012,1,False,-0.11624867614586543,-0.1784381633522009,0.20162934859421403,0.1589390123700397,-0.5054341722984488
"[2019,2012,2013]_[8:1:1]",2013,1,False,-0.11624867614586543,-0.1784381633522009,0.20162934859421403,0.1589390123700397,-0.5054341722984488
"[2019,2013,2014]_[8:1:1]",2019,8,False,-0.12386270155160561,-0.09901943051088381,0.26697403126627905,0.19541836640894233,-0.5904816962498391
"[2019,2013,2014]_[8:1:1]",2013,1,False,-0.12386270155160561,-0.09901943051088381,0.26697403126627905,0.19541836640894233,-0.5904816962498391
"[2019,2013,2014]_[8:1:1]",2014,1,False,-0.12386270155160561,-0.09901943051088381,0.26697403126627905,0.19541836640894233,-0.5904816962498391
"[2019,2014,2015]_[8:1:1]",2019,8,False,-0.12377068156762261,-0.0730929782662384,0.2952295570038657,0.20950011928574416,-0.5963360217660909
"[2019,2014,2015]_[8:1:1]",2014,1,False,-0.12377068156762261,-0.0730929782662384,0.2952295570038657,0.20950011928574416,-0.5963360217660909
"[2019,2014,2015]_[8:1:1]",2015,1,False,-0.12377068156762261,-0.0730929782662384,0.2952295570038657,0.20950011928574416,-0.5963360217660909
"[2019,2015,2016]_[8:1:1]",2019,8,False,-0.07203045395846441,-0.042761763076587314,0.2641198583744089,0.16807515616643665,-0.3371348769804694
"[2019,2015,2016]_[8:1:1]",2015,1,False,-0.07203045395846441,-0.042761763076587314,0.2641198583744089,0.16807515616643665,-0.3371348769804694
"[2019,2015,2016]_[8:1:1]",2016,1,False,-0.07203045395846441,-0.042761763076587314,0.2641198583744089,0.16807515616643665,-0.3371348769804694
"[2019,2016,2017]_[8:1:1]",2019,8,False,-0.03965418254086028,0.24650611369376665,0.4993883500691589,0.2695212663050096,-0.09024016061519169
"[2019,2016,2017]_[8:1:1]",2016,1,False,-0.03965418254086028,0.24650611369376665,0.4993883500691589,0.2695212663050096,-0.09024016061519169
"[2019,2016,2017]_[8:1:1]",2017,1,False,-0.03965418254086028,0.24650611369376665,0.4993883500691589,0.2695212663050096,-0.09024016061519169
"[2019,2017,2018]_[8:1:1]",2019,8,False,-0.1356199931222315,-0.0337626669870282,0.3686511953516977,0.25213559423696463,-0.6131955339094819
"[2019,2017,2018]_[8:1:1]",2017,1,False,-0.1356199931222315,-0.0337626669870282,0.3686511953516977,0.25213559423696463,-0.6131955339094819
"[2019,2017,2018]_[8:1:1]",2018,1,False,-0.1356199931222315,-0.0337626669870282,0.3686511953516977,0.25213559423696463,-0.6131955339094819
